{
  "cash_usd": 9990.354097709625,
  "btc": 0.000398004991159019,
  "last_dca_price": 112974.7734375,
  "active_swing": null,
  "trades_today_date": "2025-09-10",
  "trades_today": 2,
  "last_trade_ts": 1757516456
}